<?xml version="1.0" encoding="UTF-8" standalone="yes"?>
<addon
	id="context.agregacontenido"
	name="Agrega contenido"
	version="0.0.7"
	provider-name="Adrian">
  <requires>
	<import addon="xbmc.python" version="2.25.0"/>
  </requires>
	<extension point="kodi.context.item">
		<menu id="kodi.core.main">
			<item library="default.py">
				<label>$ADDON[context.agregacontenido 32000]</label>
				<visible>Container.Content(tvshows)|Container.Content(movies)|Container.Content(musicvideos)|!IsEmpty(ListItem.Genre)</visible>
			</item>
			<item library="updater.py">
				<label>$ADDON[context.agregacontenido 33000]</label>
				<visible>Container.Content(tvshows)|Container.Content(movies)|Container.Content(musicvideos)|!IsEmpty(ListItem.Genre)</visible>
			</item>
		</menu>
	</extension>
  <extension point="xbmc.service" library="service.py" />
  
  <extension point="kodi.addon.metadata">
    <platform>all</platform>
    <summary lang="es">Agrega contenido generando un STRM</summary>
    <description lang="es">Agrega peliculas y series a tu libreria de Kodi. Crea un STRM para cada contenido.</description>
    <forum></forum>
    <source></source>
  </extension>
</addon>
