<?xml version="1.0" encoding="UTF-8" standalone="yes"?>
<addon id="plugin.video.WizardPalantir" 
	   name="Wizard Palantir"
	   version="1.0.0"
	   provider-name="TierraMedia">
  <requires>
    <import addon="xbmc.python" version="2.1.0"/>
  </requires>
  <extension point="xbmc.python.pluginsource" library="default.py">
        <provides>executable</provides>
  </extension>
  <extension point="xbmc.addon.metadata">
    <summary>Wizard</summary>
    <description>Wizard del Addon Palantir</description> 
    <platform>all</platform>
  </extension>
</addon>
